Residue,Mean_RMSF,Threshold
0,2.43902264146121,1.0518783939651355
1,1.6646872942573587,1.0518783939651355
2,1.32435173454357,1.0518783939651355
53,1.1329476020449054,1.0518783939651355
54,1.0979388086358963,1.0518783939651355
55,1.0760056649663239,1.0518783939651355
78,1.1359468127631633,1.0518783939651355
113,1.2029565156679765,1.0518783939651355
114,1.3066136509752206,1.0518783939651355
115,1.1745015929876819,1.0518783939651355
146,1.1279529278748184,1.0518783939651355
147,1.2005786427698892,1.0518783939651355
148,1.5299266916897925,1.0518783939651355
149,1.1932936440617425,1.0518783939651355
200,1.1538335741036077,1.0518783939651355
201,1.2670549869108145,1.0518783939651355
202,1.3712604738595686,1.0518783939651355
203,1.4400205090903675,1.0518783939651355
268,1.0561297697499372,1.0518783939651355
269,1.1443938832834728,1.0518783939651355
270,1.0757131281918786,1.0518783939651355
281,1.0902681060484032,1.0518783939651355
283,1.0705349397016424,1.0518783939651355
