Residue,RMSF,Z_Score,Category
0,2.9754689408440775,7.787973132597575,High_Flexibility
1,1.7417148573356063,3.6047328979945914,High_Flexibility
114,1.3070037623160093,2.1307755126273538,High_Flexibility
117,1.3595998857085319,2.30911106790597,High_Flexibility
146,1.485682211046511,2.736613325670547,High_Flexibility
147,1.3217037246554624,2.180618082331907,High_Flexibility
148,1.9971950751008787,4.470979373192971,High_Flexibility
149,1.4477159602396565,2.6078826895938545,High_Flexibility
201,1.3803106955707616,2.3793343759906045,High_Flexibility
202,1.4168464697432057,2.5032147526098303,High_Flexibility
203,1.8718673288510395,4.04603563632319,High_Flexibility
