{
  "RMSD": {
    "block_means": [
      1.1089799084896117,
      1.1236146646870693,
      1.174783439489376,
      1.1056018113521808,
      1.0741499771877825
    ],
    "overall_mean": 1.117425960241204,
    "block_std": 0.03290026591018113,
    "cv": 0.029442904568889178,
    "converged": true
  },
  "Rg": {
    "block_means": [
      19.80680023013346,
      19.7608977774094,
      19.73453495334591,
      19.75173953228849,
      19.74015091498723
    ],
    "overall_mean": 19.758824681632902,
    "block_std": 0.025670414029593015,
    "cv": 0.001299187296978009,
    "converged": true
  },
  "SASA": {
    "block_means": [
      13990.452709127154,
      13845.338027069167,
      13877.972953730623,
      13956.091851099874,
      13920.266154288858
    ],
    "overall_mean": 13918.024339063135,
    "block_std": 52.129537532270305,
    "cv": 0.0037454696343618634,
    "converged": true
  }
}