{
  "RMSD": {
    "block_means": [
      0.9451882055143628,
      1.193221848702015,
      1.323499162348936,
      1.2139436380309423,
      1.0899936925850164
    ],
    "overall_mean": 1.1531693094362545,
    "block_std": 0.12771631208591114,
    "cv": 0.11075243768701,
    "converged": false
  },
  "Rg": {
    "block_means": [
      19.733586529026027,
      19.789966083959452,
      19.830737290647434,
      19.798353756647245,
      19.785769512069475
    ],
    "overall_mean": 19.787682634469924,
    "block_std": 0.0313140194487212,
    "cv": 0.0015825005902496392,
    "converged": true
  },
  "SASA": {
    "block_means": [
      13912.212258403853,
      13956.48173107528,
      13965.479840449301,
      13949.580371250913,
      13645.900851268158
    ],
    "overall_mean": 13885.931010489501,
    "block_std": 121.37696896548495,
    "cv": 0.008741003312906868,
    "converged": true
  }
}