Residue,RMSF,Z_Score,Category
0,1.7846785403771035,4.089753759477017,High_Flexibility
1,1.3619978438865856,2.391036122589393,High_Flexibility
53,1.2811101685643373,2.065955460478235,High_Flexibility
55,1.2897036690632175,2.1004920053956058,High_Flexibility
112,1.314330144540327,2.1994637080891186,High_Flexibility
113,1.42146495316934,2.630029358363066,High_Flexibility
114,1.4628966447175549,2.796539789862318,High_Flexibility
115,1.4160828489073594,2.608399140779662,High_Flexibility
147,1.3375459666151615,2.2927661151798833,High_Flexibility
148,1.81663005172491,4.218164156030227,High_Flexibility
149,1.3717453113407847,2.430210362191337,High_Flexibility
269,1.3601357414458195,2.3835524918390782,High_Flexibility
