Residue,RMSF,Z_Score,Category
0,2.5569204431624484,7.9350223569969724,High_Flexibility
1,1.890349181549885,5.243035693976215,High_Flexibility
2,1.532891855782338,3.7994235717893297,High_Flexibility
78,1.1023302689686,2.060575655502579,High_Flexibility
114,1.1499405458920973,2.2528525175303846,High_Flexibility
200,1.13147391295965,2.1782739504244684,High_Flexibility
201,1.277988612921821,2.769982055692141,High_Flexibility
202,1.531139214812965,3.7923454296816095,High_Flexibility
203,1.454651450536229,3.4834451617355717,High_Flexibility
283,1.2384308803278925,2.6102258605261808,High_Flexibility
