{
  "RMSD": {
    "block_means": [
      0.9006590075210329,
      0.9784979419344961,
      1.0150908204498899,
      1.0184458984919929,
      1.013855737630951
    ],
    "overall_mean": 0.9853098812056724,
    "block_std": 0.04474804763367157,
    "cv": 0.0454152023512803,
    "converged": true
  },
  "Rg": {
    "block_means": [
      19.609001859954382,
      19.618041810445412,
      19.612717955705946,
      19.584898217404344,
      19.59470492660502
    ],
    "overall_mean": 19.603872954023025,
    "block_std": 0.012242463637907474,
    "cv": 0.0006244920922829756,
    "converged": true
  },
  "SASA": {
    "block_means": [
      13502.930718855418,
      13810.238448910231,
      13738.530417624275,
      13690.647637269678,
      13124.589685580664
    ],
    "overall_mean": 13573.387381648054,
    "block_std": 246.37537672031968,
    "cv": 0.018151355280217846,
    "converged": true
  }
}