Residue,Mean_RMSF,Threshold
0,2.1266130096649154,0.966970501496863
1,1.4361028437218548,0.966970501496863
2,1.153441806532831,0.966970501496863
20,0.9686595541096242,0.966970501496863
75,1.2310062054585587,0.966970501496863
76,1.0753059523857236,0.966970501496863
97,0.980710405636183,0.966970501496863
146,1.1083926223861744,0.966970501496863
147,1.1157670857027664,0.966970501496863
200,1.3871722140636331,0.966970501496863
201,1.3232690415522974,0.966970501496863
202,1.1563751030428826,0.966970501496863
262,1.2935186795986298,0.966970501496863
263,1.0338213640402405,0.966970501496863
264,1.1005095072155007,0.966970501496863
268,1.1157536202396738,0.966970501496863
269,1.092187289832511,0.966970501496863
270,1.0272436606215474,0.966970501496863
277,0.9686812022982373,0.966970501496863
280,1.0360154178773897,0.966970501496863
281,1.2269389927349408,0.966970501496863
282,0.9860395985352254,0.966970501496863
283,0.9781243840288584,0.966970501496863
