{
  "RMSD": {
    "block_means": [
      1.0669645283933082,
      1.0574291497044397,
      1.0677177143837133,
      1.0270166876084266,
      1.0498321001851474
    ],
    "overall_mean": 1.053792036055007,
    "block_std": 0.014921581977426476,
    "cv": 0.014159892528023986,
    "converged": true
  },
  "Rg": {
    "block_means": [
      19.64556235976173,
      19.624851244408884,
      19.650415442634156,
      19.65466071836979,
      19.701735730937408
    ],
    "overall_mean": 19.655445099222394,
    "block_std": 0.025307658030288314,
    "cv": 0.001287564738551229,
    "converged": true
  },
  "SASA": {
    "block_means": [
      13555.943291017267,
      13390.300781207387,
      13748.310980651537,
      13703.102891701981,
      13834.616966323587
    ],
    "overall_mean": 13646.45498218035,
    "block_std": 156.7136900642389,
    "cv": 0.01148383886283118,
    "converged": true
  }
}