Residue,RMSF,Z_Score,Category
0,1.772060634414349,4.897673368178667,High_Flexibility
1,1.331123732315852,2.983072967350083,High_Flexibility
2,1.1562292397675509,2.223660307756241,High_Flexibility
19,1.105007182041934,2.001248049253949,High_Flexibility
76,1.1112501766343459,2.0283558732807356,High_Flexibility
97,1.1715261513053137,2.29008131453126,High_Flexibility
146,1.2409406235115237,2.5914871974973144,High_Flexibility
147,1.2157157877974896,2.4819579647679193,High_Flexibility
148,1.1269975063529687,2.096732649295096,High_Flexibility
200,1.9905129213465242,5.846219144528396,High_Flexibility
201,1.8224587139540345,5.116507815530316,High_Flexibility
202,1.5203899077990124,3.8048891812318724,High_Flexibility
203,1.1896803887461302,2.368909169753866,High_Flexibility
262,1.3982643476887675,3.274605493870503,High_Flexibility
