Residue,RMSF,Z_Score,Category
0,2.9996932119185575,9.01513361977188,High_Flexibility
1,1.8290373595915501,4.502483769359909,High_Flexibility
2,1.3714968811927017,2.7387545168218783,High_Flexibility
75,1.9020908626836797,4.784090766963404,High_Flexibility
76,1.2356093388314735,2.214934560264779,High_Flexibility
262,1.4494355302935167,3.0391927989241556,High_Flexibility
264,1.2612397020311454,2.313734608484839,High_Flexibility
281,1.3646904806252964,2.7125171709432485,High_Flexibility
