{
  "RMSD": {
    "block_means": [
      1.0302274458972422,
      0.9799532897684383,
      1.0505597550036356,
      1.0441496713953131,
      1.150581055477891
    ],
    "overall_mean": 1.051094243508504,
    "block_std": 0.055574449268031144,
    "cv": 0.05287294608571558,
    "converged": true
  },
  "Rg": {
    "block_means": [
      19.739969011349515,
      19.71103782657862,
      19.678881313090134,
      19.69873948996446,
      19.693571185268993
    ],
    "overall_mean": 19.704439765250346,
    "block_std": 0.020541253066153616,
    "cv": 0.0010424682615122623,
    "converged": true
  },
  "SASA": {
    "block_means": [
      13912.486702952378,
      13854.917224912011,
      13329.854035424409,
      13741.481154816292,
      13776.120756079132
    ],
    "overall_mean": 13722.971974836844,
    "block_std": 205.44316886625086,
    "cv": 0.014970748992489536,
    "converged": true
  }
}