Residue,RMSF,Z_Score,Category
0,1.6080851826618394,4.92255457113795,High_Flexibility
1,1.1481474392581625,2.6176701877333417,High_Flexibility
20,1.0749331556174664,2.250771707611245,High_Flexibility
146,1.088177700564113,2.317144048760975,High_Flexibility
147,1.0705069393456745,2.228590625695838,High_Flexibility
200,1.1452137171358099,2.6029684364593124,High_Flexibility
201,1.1322277288871971,2.5378917995740604,High_Flexibility
202,1.0522739085106165,2.137219502893734,High_Flexibility
262,1.0328561608136053,2.039911412680205,High_Flexibility
268,1.2365749023342343,3.0608064200412906,High_Flexibility
269,1.185623216864058,2.805472419227879,High_Flexibility
270,1.0606600382782694,2.179244885276199,High_Flexibility
277,1.0623472733253003,2.187700120287476,High_Flexibility
280,1.1272744655578688,2.5130695286071845,High_Flexibility
281,1.3345315961899096,3.5516964527815067,High_Flexibility
282,1.045103509699424,2.1012865087445767,High_Flexibility
