{
  "RMSD": {
    "block_means": [
      0.8242413060403748,
      0.8789312204419388,
      0.8959890087634416,
      0.9824392707357669,
      0.9756400088490615
    ],
    "overall_mean": 0.9114481629661167,
    "block_std": 0.060102750943482476,
    "cv": 0.06594203969635606,
    "converged": true
  },
  "Rg": {
    "block_means": [
      19.670185933619212,
      19.666795584090014,
      19.700255330336578,
      19.750105472897285,
      19.74967327460452
    ],
    "overall_mean": 19.70740311910952,
    "block_std": 0.036593547915198865,
    "cv": 0.001856842715097023,
    "converged": true
  },
  "SASA": {
    "block_means": [
      13934.902568936901,
      13486.193815825833,
      13544.32581318088,
      14023.62545730978,
      13981.332342137151
    ],
    "overall_mean": 13794.07599947811,
    "block_std": 230.11154194797848,
    "cv": 0.01668191055034673,
    "converged": true
  }
}