Residue,RMSF,Z_Score,Category
0,2.0754775730842105,2.517669350423285,High_Flexibility
281,1.999073652696398,2.3736663900878345,High_Flexibility
296,1.9740118935897053,2.326431019386185,High_Flexibility
297,4.04766537493926,6.234767640184521,High_Flexibility
298,4.884753751913541,7.812477314437337,High_Flexibility
299,6.3332080605452585,10.542464300640168,High_Flexibility
