{
  "RMSD": {
    "block_means": [
      1.0081738272370615,
      1.1661919990302105,
      1.4432292576481973,
      1.2414809283705182,
      1.5049229909265784
    ],
    "overall_mean": 1.2727998006425132,
    "block_std": 0.181824297721006,
    "cv": 0.14285380751098525,
    "converged": false
  },
  "Rg": {
    "block_means": [
      19.823361340005132,
      19.815371894416067,
      19.90952732112099,
      19.86068765598156,
      19.936510391017194
    ],
    "overall_mean": 19.869091720508187,
    "block_std": 0.04738782680606833,
    "cv": 0.00238500216681552,
    "converged": true
  },
  "SASA": {
    "block_means": [
      14166.745726644513,
      14215.94056937159,
      14236.042722190905,
      14207.764871428866,
      14426.02371810397
    ],
    "overall_mean": 14250.50352154797,
    "block_std": 90.61237465307012,
    "cv": 0.006358538455575029,
    "converged": true
  }
}