Residue,RMSF,Z_Score,Category
0,5.799439929808049,8.154500435089556,High_Flexibility
1,4.209700246069557,5.514372881412753,High_Flexibility
2,3.3392519007230237,4.068793656015624,High_Flexibility
3,2.2766089571434294,2.304031195996282,High_Flexibility
4,2.4194498960519004,2.5412513537761225,High_Flexibility
23,2.237194290879107,2.2385740979016417,High_Flexibility
26,2.2792174855651703,2.308363256038082,High_Flexibility
57,2.3016175189632655,2.3455636517899943,High_Flexibility
58,2.6813646450311968,2.9762208978894416,High_Flexibility
59,2.391932192158273,2.49555189177827,High_Flexibility
123,2.1900353860465165,2.160255914539097,High_Flexibility
298,3.2772077549701266,3.96575511428321,High_Flexibility
299,3.8398449819724436,4.900143342071501,High_Flexibility
