{
  "RMSD": {
    "block_means": [
      1.167917434782524,
      1.1769865990293715,
      1.2307477058882228,
      1.4714633249175468,
      1.5730931709295737
    ],
    "overall_mean": 1.3240416471094476,
    "block_std": 0.16641125497634288,
    "cv": 0.12568430558029645,
    "converged": false
  },
  "Rg": {
    "block_means": [
      19.866582381945737,
      19.823229308718,
      19.86361756731066,
      20.018882373872653,
      20.032041964948366
    ],
    "overall_mean": 19.920870719359083,
    "block_std": 0.086861179288479,
    "cv": 0.004360310375593543,
    "converged": true
  },
  "SASA": {
    "block_means": [
      13942.641689042799,
      14232.565332700422,
      14369.060807944557,
      14597.247615871887,
      14744.346956122205
    ],
    "overall_mean": 14377.172480336374,
    "block_std": 280.37267909273635,
    "cv": 0.01950123916759025,
    "converged": true
  }
}