Residue,RMSF,Z_Score,Category
0,4.54936539472823,7.618553486504019,High_Flexibility
1,3.215612682180809,4.926649961601385,High_Flexibility
2,2.3587989255942214,3.1973489076337094,High_Flexibility
3,2.062496074387167,2.5993229901609367,High_Flexibility
57,1.9751765229668066,2.423086566384571,High_Flexibility
58,3.278488404312532,5.053551580203466,High_Flexibility
59,2.3186528298922546,3.116322330881866,High_Flexibility
85,1.8446757745377986,2.159697842677673,High_Flexibility
281,1.972491446838842,2.417667296511301,High_Flexibility
298,3.1616626979633367,4.817763095754961,High_Flexibility
299,3.9980803195090693,6.505898776790798,High_Flexibility
