{
  "RMSD": {
    "block_means": [
      1.0428234104337637,
      1.1523368165347743,
      1.4091724376913115,
      1.2483358118109067,
      1.3054180094352994
    ],
    "overall_mean": 1.2316172971812112,
    "block_std": 0.12584149400490574,
    "cv": 0.10217580923304487,
    "converged": false
  },
  "Rg": {
    "block_means": [
      19.981482548689605,
      19.909968059565394,
      19.922731156747666,
      19.88142846749262,
      19.89359048632148
    ],
    "overall_mean": 19.91784014376335,
    "block_std": 0.03478535173696706,
    "cv": 0.0017464419578575145,
    "converged": true
  },
  "SASA": {
    "block_means": [
      14566.540934257026,
      14350.77335442341,
      14389.94404752403,
      14320.000276554496,
      13961.638230900291
    ],
    "overall_mean": 14317.77936873185,
    "block_std": 197.4943558317775,
    "cv": 0.013793644303744423,
    "converged": true
  }
}